[{"type":"Feature","properties":{"place_id":20167632,"osm_type":"way","osm_id":163300898,"place_rank":30,"category":"aeroway","type":"aerodrome","importance":0.510718194711349,"addresstype":"aeroway","name":"Fredericton International Airport","display_name":"Fredericton International Airport, Nevers Road, Lincoln Parish, Sunbury County, New Brunswick, E3B 7G1, Canada","address":{"aeroway":"Fredericton International Airport","road":"Nevers Road","county":"Lincoln Parish","state":"New Brunswick","ISO3166-2-lvl4":"CA-NB","postcode":"E3B 7G1","country":"Canada","country_code":"ca"}},"bbox":[-66.557313,45.8578467,-66.5138785,45.8817923],"geometry":{"type":"Point","coordinates":[-66.53510204365679,45.87018365]}},{"type":"Feature","properties":{"place_id":278447588,"osm_type":"relation","osm_id":15545954,"place_rank":30,"category":"aeroway","type":"aerodrome","importance":0.4990825647268495,"addresstype":"aeroway","name":"Halifax Stanfield International Airport","display_name":"Halifax Stanfield International Airport, Bell Boulevard, Goffs, Halifax Regional Municipality, Halifax County, Nova Scotia, B2T 1K3, Canada","address":{"aeroway":"Halifax Stanfield International Airport","road":"Bell Boulevard","village":"Goffs","municipality":"Halifax Regional Municipality","county":"Halifax County","state":"Nova Scotia","ISO3166-2-lvl4":"CA-NS","postcode":"B2T 1K3","country":"Canada","country_code":"ca"}},"bbox":[-63.537028,44.8591269,-63.48581,44.8984416],"geometry":{"type":"Point","coordinates":[-63.50955649819976,44.87878455]}},{"type":"Feature","properties":{"place_id":20029487,"osm_type":"way","osm_id":1024102054,"place_rank":30,"category":"amenity","type":"parking","importance":0.00000999999999995449,"addresstype":"amenity","name":"","display_name":"Church Street, CFB Greenwood, Kings County, Nova Scotia, B0P 1N0, Canada","address":{"road":"Church Street","village":"CFB Greenwood","county":"CFB Greenwood","state":"Nova Scotia","ISO3166-2-lvl4":"CA-NS","postcode":"B0P 1N0","country":"Canada","country_code":"ca"}},"bbox":[-64.9271271,44.9754458,-64.9267172,44.975839],"geometry":{"type":"Point","coordinates":[-64.92692276911242,44.9756551]}},{"type":"Feature","properties":{"place_id":20333192,"osm_type":"way","osm_id":160840995,"place_rank":26,"category":"highway","type":"tertiary","importance":0.10000999999999993,"addresstype":"road","name":"Water Street","display_name":"Water Street, Chatham, Miramichi, City of Miramichi, Northumberland County, New Brunswick, E1N 2T4, Canada","address":{"road":"Water Street","suburb":"Chatham","city_district":"Chatham","city":"Miramichi","county":"City of Miramichi","state":"New Brunswick","ISO3166-2-lvl4":"CA-NB","postcode":"E1N 2T4","country":"Canada","country_code":"ca"}},"bbox":[-65.467672,47.032152,-65.4656897,47.0338567],"geometry":{"type":"Point","coordinates":[-65.46634889480376,47.03326031546403]}},{"type":"Feature","properties":{"place_id":20153569,"osm_type":"node","osm_id":1494792769,"place_rank":30,"category":"man_made","type":"chimney","importance":0.00000999999999995449,"addresstype":"man_made","name":"","display_name":"Vision Road, Irving Pulp and Paper, Saint John West, Saint John, Saint John County, New Brunswick, E2M 3N4, Canada","address":{"road":"Vision Road","industrial":"Irving Pulp and Paper","suburb":"Saint John West","city":"Saint John","county":"Saint John County","state":"New Brunswick","ISO3166-2-lvl4":"CA-NB","postcode":"E2M 3N4","country":"Canada","country_code":"ca"}},"bbox":[-66.0913081,45.2627356,-66.0912081,45.2628356],"geometry":{"type":"Point","coordinates":[-66.0912581,45.2627856]}},{"type":"Feature","properties":{"place_id":20597108,"osm_type":"way","osm_id":156804362,"place_rank":26,"category":"highway","type":"residential","importance":0.10000999999999993,"addresstype":"road","name":"Avenue Garneau","display_name":"Avenue Garneau, Vieux-Québec–Cap-Blanc–Colline-Parlementaire, Montcalm, La Cité-Limoilou, Quebec, Urban agglomeration of Québec, Capitale-Nationale, Quebec, G1R 2L1, Canada","address":{"road":"Avenue Garneau","neighbourhood":"Vieux-Québec–Cap-Blanc–Colline-Parlementaire","suburb":"Montcalm","city_district":"La Cité-Limoilou","city":"Quebec","county":"Urban agglomeration of Québec","region":"Capitale-Nationale","state":"Quebec","ISO3166-2-lvl4":"CA-QC","postcode":"G1R 2L1","country":"Canada","country_code":"ca"}},"bbox":[-71.2218813,46.8007177,-71.220267,46.8009958],"geometry":{"type":"Point","coordinates":[-71.22147218769324,46.800993173028836]}},{"type":"Feature","properties":{"place_id":21453068,"osm_type":"way","osm_id":945479715,"place_rank":30,"category":"aeroway","type":"aerodrome","importance":0.5366222890681968,"addresstype":"aeroway","name":"Montréal–Trudeau International Airport","display_name":"Montréal–Trudeau International Airport, 55e Avenue, Dorval, Urban agglomeration of Montreal, Montreal (administrative region), Quebec, H8T 1A6, Canada","address":{"aeroway":"Montréal–Trudeau International Airport","road":"55e Avenue","town":"Dorval","county":"Urban agglomeration of Montreal","region":"Montreal (administrative region)","state":"Quebec","ISO3166-2-lvl4":"CA-QC","postcode":"H8T 1A6","country":"Canada","country_code":"ca"}},"bbox":[-73.7820886,45.4498407,-73.7108766,45.4875328],"geometry":{"type":"Point","coordinates":[-73.74249704278634,45.4687293]}},{"type":"Feature","properties":{"place_id":22314878,"osm_type":"way","osm_id":68588664,"place_rank":30,"category":"office","type":"government","importance":0.3286682544076837,"addresstype":"office","name":"Ottawa City Hall","display_name":"Ottawa City Hall, 110, Laurier Avenue West, Golden Triangle, Centretown, Somerset, Ottawa, Eastern Ontario, Ontario, K1P 1J1, Canada","address":{"office":"Ottawa City Hall","house_number":"110","road":"Laurier Avenue West","neighbourhood":"Golden Triangle","suburb":"Centretown","city_district":"Somerset","city":"Ottawa","state_district":"Eastern Ontario","state":"Ontario","ISO3166-2-lvl4":"CA-ON","postcode":"K1P 1J1","country":"Canada","country_code":"ca"}},"bbox":[-75.6908211,45.4201768,-75.6893108,45.4214404],"geometry":{"type":"Point","coordinates":[-75.69011769902937,45.420815399999995]}},{"type":"Feature","properties":{"place_id":22466754,"osm_type":"way","osm_id":9545084,"place_rank":30,"category":"aeroway","type":"terminal","importance":0.5188781548046643,"addresstype":"aeroway","name":"Ottawa Macdonald-Cartier International Airport","display_name":"Ottawa Macdonald-Cartier International Airport, 1000, Airport Parkway Private, Gloucester-Southgate, Gloucester, Ottawa, Eastern Ontario, Ontario, K1V 9B4, Canada","address":{"aeroway":"Ottawa Macdonald-Cartier International Airport","house_number":"1000","road":"Airport Parkway Private","neighbourhood":"Gloucester-Southgate","suburb":"Gloucester","city":"Ottawa","state_district":"Eastern Ontario","state":"Ontario","ISO3166-2-lvl4":"CA-ON","postcode":"K1V 9B4","country":"Canada","country_code":"ca"}},"bbox":[-75.6703327,45.3204817,-75.6644165,45.3237343],"geometry":{"type":"Point","coordinates":[-75.66730796365074,45.32209815]}},{"type":"Feature","properties":{"place_id":7421144,"osm_type":"way","osm_id":148396221,"place_rank":30,"category":"aeroway","type":"aerodrome","importance":0.5506275368192668,"addresstype":"aeroway","name":"Toronto Pearson International Airport","display_name":"Toronto Pearson International Airport, Alstep Drive, Mount Charles, Mississauga, Peel Region, Golden Horseshoe, Ontario, L5S 1T1, Canada","address":{"aeroway":"Toronto Pearson International Airport","road":"Alstep Drive","neighbourhood":"Mount Charles","city":"Mississauga","county":"Peel Region","state_district":"Golden Horseshoe","state":"Ontario","ISO3166-2-lvl4":"CA-ON","postcode":"L5S 1T1","country":"Canada","country_code":"ca"}},"bbox":[-79.6670343,43.6522958,-79.5900207,43.7031181],"geometry":{"type":"Point","coordinates":[-79.62880467470774,43.678223599999995]}},{"type":"Feature","properties":{"place_id":30904825,"osm_type":"relation","osm_id":6690050,"place_rank":30,"category":"aeroway","type":"aerodrome","importance":0.5212917599805561,"addresstype":"aeroway","name":"Edmonton International Airport","display_name":"Edmonton International Airport, Airport Perimeter Road, Division No. 11, Alberta, T9E 0V6, Canada","address":{"aeroway":"Edmonton International Airport","road":"Airport Perimeter Road","county":"Division No. 11","state":"Alberta","ISO3166-2-lvl4":"CA-AB","postcode":"T9E 0V6","country":"Canada","country_code":"ca"}},"bbox":[-113.6101649,53.2797661,-113.5503866,53.3376401],"geometry":{"type":"Point","coordinates":[-113.58589951460797,53.308796400000006]}},{"type":"Feature","properties":{"place_id":31163381,"osm_type":"relation","osm_id":4767874,"place_rank":30,"category":"aeroway","type":"aerodrome","importance":0.5281881450386967,"addresstype":"aeroway","name":"Calgary International Airport","display_name":"Calgary International Airport, 2000, Airport Road NE, Calgary, Alberta, T2E 3B9, Canada","address":{"aeroway":"Calgary International Airport","house_number":"2000","road":"Airport Road NE","city":"Calgary","state":"Alberta","ISO3166-2-lvl4":"CA-AB","postcode":"T2E 3B9","country":"Canada","country_code":"ca"}},"bbox":[-114.0424778,51.0930394,-113.9865157,51.1540023],"geometry":{"type":"Point","coordinates":[-114.01354103011823,51.1222604]}},{"type":"Feature","properties":{"place_id":32166413,"osm_type":"way","osm_id":929827772,"place_rank":30,"category":"aeroway","type":"aerodrome","importance":0.36561850456829376,"addresstype":"aeroway","name":"Abbotsford International Airport","display_name":"Abbotsford International Airport, Tower Street, Abbotsford, Fraser Valley Regional District, British Columbia, V2T 6H5, Canada","address":{"aeroway":"Abbotsford International Airport","road":"Tower Street","city":"Abbotsford","county":"Fraser Valley Regional District","state":"British Columbia","ISO3166-2-lvl4":"CA-BC","postcode":"V2T 6H5","country":"Canada","country_code":"ca"}},"bbox":[-122.3872167,49.0166544,-122.3376723,49.035271],"geometry":{"type":"Point","coordinates":[-122.37081068687385,49.026865650000005]}},{"type":"Feature","properties":{"place_id":32378859,"osm_type":"way","osm_id":929819540,"place_rank":30,"category":"aeroway","type":"aerodrome","importance":0.5130338711197162,"addresstype":"aeroway","name":"Prince George Airport","display_name":"Prince George Airport, Old Cariboo Highway, Prince George, Regional District of Fraser-Fort George, British Columbia, V2N 2H0, Canada","address":{"aeroway":"Prince George Airport","road":"Old Cariboo Highway","city":"Prince George","county":"Regional District of Fraser-Fort George","state":"British Columbia","ISO3166-2-lvl4":"CA-BC","postcode":"V2N 2H0","country":"Canada","country_code":"ca"}},"bbox":[-122.7059827,53.8660175,-122.6568293,53.9016936],"geometry":{"type":"Point","coordinates":[-122.67442382203441,53.88330435]}},{"type":"Feature","properties":{"place_id":33708063,"osm_type":"relation","osm_id":11680231,"place_rank":30,"category":"aeroway","type":"aerodrome","importance":0.5384409008024947,"addresstype":"aeroway","name":"Vancouver International Airport","display_name":"Vancouver International Airport, Aviation Avenue, Sea Island, Richmond, Metro Vancouver Regional District, British Columbia, V7B 1K7, Canada","address":{"aeroway":"Vancouver International Airport","road":"Aviation Avenue","city_district":"Sea Island","city":"Richmond","county":"Metro Vancouver Regional District","state":"British Columbia","ISO3166-2-lvl4":"CA-BC","postcode":"V7B 1K7","country":"Canada","country_code":"ca"}},"bbox":[-123.2095391,49.1776389,-123.149356,49.2075193],"geometry":{"type":"Point","coordinates":[-123.18290873596638,49.19283365]}},{"type":"Feature","properties":{"place_id":32556568,"osm_type":"way","osm_id":553673219,"place_rank":30,"category":"building","type":"yes","importance":0.00000999999999995449,"addresstype":"building","name":"","display_name":"15, 3rd Avenue, Burns Lake, Regional District of Bulkley-Nechako, British Columbia, V0J 1E1, Canada","address":{"house_number":"15","road":"3rd Avenue","town":"Burns Lake","county":"Regional District of Bulkley-Nechako","state":"British Columbia","ISO3166-2-lvl4":"CA-BC","postcode":"V0J 1E1","country":"Canada","country_code":"ca"}},"bbox":[-125.764686,54.2301387,-125.7643108,54.230368],"geometry":{"type":"Point","coordinates":[-125.76449876058555,54.23028475]}},{"type":"Feature","properties":{"place_id":30608737,"osm_type":"relation","osm_id":6395738,"place_rank":30,"category":"leisure","type":"nature_reserve","importance":0.49308073521530404,"addresstype":"leisure","name":"Jasper National Park","display_name":"Jasper National Park, Division No. 15, Alberta, Canada","address":{"leisure":"Jasper National Park","county":"Division No. 15","state":"Alberta","ISO3166-2-lvl4":"CA-AB","country":"Canada","country_code":"ca"}},"bbox":[-119.5448361,52.1269966,-116.7956604,53.48118],"geometry":{"type":"Point","coordinates":[-117.80482674803727,52.80410345]}},{"type":"Feature","properties":{"place_id":19753448,"osm_type":"node","osm_id":7185045546,"place_rank":30,"category":"building","type":"commercial","importance":0.00000999999999995449,"addresstype":"building","name":"","display_name":"44, Hammond Street, West Market Square Historic District, Bangor, Penobscot County, Maine, 04401, United States","address":{"house_number":"44","road":"Hammond Street","neighbourhood":"West Market Square Historic District","city":"Bangor","county":"Penobscot County","state":"Maine","ISO3166-2-lvl4":"US-ME","postcode":"04401","country":"United States","country_code":"us"}},"bbox":[-68.7716432,44.8014473,-68.7715432,44.8015473],"geometry":{"type":"Point","coordinates":[-68.7715932,44.8014973]}},{"type":"Feature","properties":{"place_id":19516722,"osm_type":"way","osm_id":228888559,"place_rank":27,"category":"highway","type":"path","importance":0.07500999999999991,"addresstype":"road","name":"Wilderness Trail","display_name":"Wilderness Trail, Lincoln, Grafton County, New Hampshire, United States","address":{"road":"Wilderness Trail","village":"Lincoln","county":"Grafton County","state":"New Hampshire","ISO3166-2-lvl4":"US-NH","country":"United States","country_code":"us"}},"bbox":[-71.5248132,44.1117,-71.4679306,44.1210797],"geometry":{"type":"Point","coordinates":[-71.51798674450018,44.11292981509506]}},{"type":"Feature","properties":{"place_id":754774,"osm_type":"way","osm_id":224517472,"place_rank":30,"category":"aeroway","type":"aerodrome","importance":0.3661070069886159,"addresstype":"aeroway","name":"Myrtle Beach International Airport","display_name":"Myrtle Beach International Airport, Seaboard Street, Coastal Grand Mall, Myrtle Beach, Horry County, South Carolina, 29577, United States","address":{"aeroway":"Myrtle Beach International Airport","road":"Seaboard Street","retail":"Coastal Grand Mall","city":"Myrtle Beach","county":"Horry County","state":"South Carolina","ISO3166-2-lvl4":"US-SC","postcode":"29577","country":"United States","country_code":"us"}},"bbox":[-78.9412994,33.6596398,-78.9181147,33.7013966],"geometry":{"type":"Point","coordinates":[-78.92905970872894,33.680640600000004]}},{"type":"Feature","properties":{"place_id":291969509,"osm_type":"node","osm_id":369139746,"place_rank":30,"category":"aeroway","type":"aerodrome","importance":0.3277684953714004,"addresstype":"aeroway","name":"Space Coast Regional Airport","display_name":"Space Coast Regional Airport, Center Lane, Titusville, Brevard County, Florida, 32780, United States","address":{"aeroway":"Space Coast Regional Airport","road":"Center Lane","town":"Titusville","county":"Brevard County","state":"Florida","ISO3166-2-lvl4":"US-FL","postcode":"32780","country":"United States","country_code":"us"}},"bbox":[-80.8140149,28.4992066,-80.7840149,28.5292066],"geometry":{"type":"Point","coordinates":[-80.7990149,28.5142066]}},{"type":"Feature","properties":{"place_id":294978262,"osm_type":"way","osm_id":329991006,"place_rank":30,"category":"aeroway","type":"aerodrome","importance":0.32955506682079727,"addresstype":"aeroway","name":"Naples Municipal Airport","display_name":"Naples Municipal Airport, Caleb Court, Rock Creek RV Resort, Naples, Collier County, Florida, 34104, United States","address":{"aeroway":"Naples Municipal Airport","road":"Caleb Court","residential":"Rock Creek RV Resort","city":"Naples","county":"Collier County","state":"Florida","ISO3166-2-lvl4":"US-FL","postcode":"34104","country":"United States","country_code":"us"}},"bbox":[-81.7839707,26.1449858,-81.7669755,26.160318],"geometry":{"type":"Point","coordinates":[-81.773941382464,26.1523225]}},{"type":"Feature","properties":{"place_id":23013106,"osm_type":"relation","osm_id":2132449,"place_rank":30,"category":"military","type":"base","importance":0.378016037696383,"addresstype":"military","name":"CFB Trenton","display_name":"CFB Trenton, South Perimeter Road, Quinte West, Central Ontario, Ontario, K8V 5P5, Canada","address":{"military":"CFB Trenton","road":"South Perimeter Road","city":"Quinte West","state_district":"Central Ontario","state":"Ontario","ISO3166-2-lvl4":"CA-ON","postcode":"K8V 5P5","country":"Canada","country_code":"ca"}},"bbox":[-77.5542323,44.100134,-77.5100329,44.1301597],"geometry":{"type":"Point","coordinates":[-77.53340414128267,44.118372550000004]}},{"type":"Feature","properties":{"place_id":21213386,"osm_type":"way","osm_id":114669455,"place_rank":30,"category":"military","type":"barracks","importance":0.00000999999999995449,"addresstype":"military","name":"","display_name":"Rue de Normandie, Saiint-Jean, Saint-Jean-sur-Richelieu, Le Haut-Richelieu, Montérégie, Quebec, J3B 7B5, Canada","address":{"road":"Rue de Normandie","city_district":"Saiint-Jean","city":"Saint-Jean-sur-Richelieu","county":"Le Haut-Richelieu","region":"Montérégie","state":"Quebec","ISO3166-2-lvl4":"CA-QC","postcode":"J3B 7B5","country":"Canada","country_code":"ca"}},"bbox":[-73.2886043,45.2985451,-73.2863215,45.3023183],"geometry":{"type":"Point","coordinates":[-73.28813414270485,45.30046975]}},{"type":"Feature","properties":{"place_id":543229,"osm_type":"way","osm_id":720561804,"place_rank":30,"category":"aeroway","type":"aerodrome","importance":0.12816097156854608,"addresstype":"aeroway","name":"Aiken Regional Airport","display_name":"Aiken Regional Airport, Drapery Drive, Aiken County, South Carolina, 29805, United States","address":{"aeroway":"Aiken Regional Airport","road":"Drapery Drive","county":"Aiken County","state":"South Carolina","ISO3166-2-lvl4":"US-SC","postcode":"29805","country":"United States","country_code":"us"}},"bbox":[-81.7037076,33.6416829,-81.675016,33.6581239],"geometry":{"type":"Point","coordinates":[-81.68528805131692,33.649880350000004]}},{"type":"Feature","properties":{"place_id":304556182,"osm_type":"relation","osm_id":3226906,"place_rank":30,"category":"aeroway","type":"aerodrome","importance":0.4112913654810438,"addresstype":"aeroway","name":"San Antonio International Airport","display_name":"San Antonio International Airport, 9800, Airport Boulevard, San Antonio, Bexar County, Texas, 78216, United States","address":{"aeroway":"San Antonio International Airport","house_number":"9800","road":"Airport Boulevard","city":"San Antonio","county":"Bexar County","state":"Texas","ISO3166-2-lvl4":"US-TX","postcode":"78216","country":"United States","country_code":"us"}},"bbox":[-98.4961116,29.5189671,-98.4425209,29.5502386],"geometry":{"type":"Point","coordinates":[-98.46921443046924,29.5334021]}},{"type":"Feature","properties":{"place_id":361551032,"osm_type":"way","osm_id":55821252,"place_rank":30,"category":"place","type":"house","importance":9.999999994736442e-8,"addresstype":"place","name":"","display_name":"1087, Louisiana Avenue, Corpus Christi, Nueces County, Texas, 78404, United States","address":{"house_number":"1087","road":"Louisiana Avenue","city":"Corpus Christi","county":"Nueces County","state":"Texas","ISO3166-2-lvl4":"US-TX","postcode":"78404","country":"United States","country_code":"us"}},"bbox":[-97.4032524,27.7632554,-97.4031524,27.7633554],"geometry":{"type":"Point","coordinates":[-97.4032024394415,27.76330544082828]}},{"type":"Feature","properties":{"place_id":20270331,"osm_type":"way","osm_id":123685240,"place_rank":30,"category":"aeroway","type":"aerodrome","importance":0.512084618481547,"addresstype":"aeroway","name":"Aéroport international Roméo LeBlanc / Greater Moncton Roméo LeBlanc International Airport","display_name":"Aéroport international Roméo LeBlanc / Greater Moncton Roméo LeBlanc International Airport, Rue Champlain Street, Dieppe, Moncton Parish, Westmorland County, New Brunswick, E1A 1R5, Canada","address":{"aeroway":"Aéroport international Roméo LeBlanc / Greater Moncton Roméo LeBlanc International Airport","road":"Rue Champlain Street","city":"Dieppe","county":"Moncton Parish","state":"New Brunswick","ISO3166-2-lvl4":"CA-NB","postcode":"E1A 1R5","country":"Canada","country_code":"ca"}},"bbox":[-64.6989951,46.1038759,-64.6490666,46.1292336],"geometry":{"type":"Point","coordinates":[-64.67556069377879,46.11647835]}},{"type":"Feature","properties":{"place_id":278206150,"osm_type":"way","osm_id":368187032,"place_rank":30,"category":"man_made","type":"bridge","importance":0.39322226023959395,"addresstype":"man_made","name":"Confederation Bridge","display_name":"Confederation Bridge, Prince Edward Island, Canada","address":{"man_made":"Confederation Bridge","state":"Prince Edward Island","ISO3166-2-lvl4":"CA-PE","country":"Canada","country_code":"ca"}},"bbox":[-63.8151449,46.1636075,-63.705177,46.2513096],"geometry":{"type":"Point","coordinates":[-63.7531905,46.20912465]}},{"type":"Feature","properties":{"place_id":20196938,"osm_type":"way","osm_id":73321907,"place_rank":26,"category":"highway","type":"residential","importance":0.10000999999999993,"addresstype":"road","name":"","display_name":"McAdam, McAdam Parish, York County, New Brunswick, E6J 1L2, Canada","address":{"town":"McAdam","county":"McAdam Parish","state":"New Brunswick","ISO3166-2-lvl4":"CA-NB","postcode":"E6J 1L2","country":"Canada","country_code":"ca"}},"bbox":[-67.3288024,45.5906168,-67.323208,45.5923705],"geometry":{"type":"Point","coordinates":[-67.327300521678,45.590766138276464]}},{"type":"Feature","properties":{"place_id":20090945,"osm_type":"way","osm_id":116669545,"place_rank":26,"category":"highway","type":"residential","importance":0.10000999999999993,"addresstype":"road","name":"Travis Lane","display_name":"Travis Lane, Haggertys Cove, Lepreau Parish, Charlotte County, New Brunswick, Canada","address":{"road":"Travis Lane","hamlet":"Haggertys Cove","county":"Lepreau Parish","state":"New Brunswick","ISO3166-2-lvl4":"CA-NB","country":"Canada","country_code":"ca"}},"bbox":[-66.5260438,45.1346946,-66.5252542,45.1364421],"geometry":{"type":"Point","coordinates":[-66.5260438,45.1346946]}},{"type":"Feature","properties":{"place_id":19971045,"osm_type":"way","osm_id":742021119,"place_rank":30,"category":"leisure","type":"pitch","importance":0.00000999999999995449,"addresstype":"leisure","name":"","display_name":"NB 772, Fairhaven, Deer Island, West Isles Parish, Charlotte County, New Brunswick, E5V 1W2, Canada","address":{"road":"NB 772","suburb":"Fairhaven","island":"Deer Island","county":"West Isles Parish","state":"New Brunswick","ISO3166-2-lvl4":"CA-NB","postcode":"E5V 1W2","country":"Canada","country_code":"ca"}},"bbox":[-66.9847507,44.9783799,-66.9845159,44.9787101],"geometry":{"type":"Point","coordinates":[-66.98463327574345,44.97854505]}},{"type":"Feature","properties":{"place_id":19978587,"osm_type":"way","osm_id":515028502,"place_rank":30,"category":"man_made","type":"pier","importance":0.00000999999999995449,"addresstype":"man_made","name":"","display_name":"Ferry Wharf Road, North Head, Village of Grand Manan, Charlotte County, New Brunswick, E5G 3A4, Canada","address":{"road":"Ferry Wharf Road","suburb":"North Head","county":"Village of Grand Manan","state":"New Brunswick","ISO3166-2-lvl4":"CA-NB","postcode":"E5G 3A4","country":"Canada","country_code":"ca"}},"bbox":[-66.7474352,44.7605448,-66.746506,44.7617864],"geometry":{"type":"Point","coordinates":[-66.7468003212328,44.76123905]}},{"type":"Feature","properties":{"place_id":32323590,"osm_type":"node","osm_id":1042031479,"place_rank":30,"category":"aeroway","type":"aerodrome","importance":0.00000999999999995449,"addresstype":"aeroway","name":"Comox Valley Airport","display_name":"Comox Valley Airport, Comox Airport Loop, Wallace Gardens, Comox, Comox Valley Regional District, British Columbia, V0R 2K0, Canada","address":{"aeroway":"Comox Valley Airport","road":"Comox Airport Loop","neighbourhood":"Wallace Gardens","town":"Comox","county":"Comox Valley Regional District","state":"British Columbia","ISO3166-2-lvl4":"CA-BC","postcode":"V0R 2K0","country":"Canada","country_code":"ca"}},"bbox":[-124.9227184,49.6916374,-124.8927184,49.7216374],"geometry":{"type":"Point","coordinates":[-124.9077184,49.7066374]}},{"type":"Feature","properties":{"place_id":32367784,"osm_type":"way","osm_id":695522101,"place_rank":26,"category":"highway","type":"unclassified","importance":0.10000999999999993,"addresstype":"road","name":"Shipwright Road","display_name":"Shipwright Road, Area B (Lazo North), Comox Valley Regional District, British Columbia, V8M 3M1, Canada","address":{"road":"Shipwright Road","city":"Area B (Lazo North)","county":"Comox Valley Regional District","state":"British Columbia","ISO3166-2-lvl4":"CA-BC","postcode":"V8M 3M1","country":"Canada","country_code":"ca"}},"bbox":[-124.9154198,49.6615029,-124.9107925,49.6620307],"geometry":{"type":"Point","coordinates":[-124.91301579100434,49.66198373989472]}},{"type":"Feature","properties":{"place_id":22237918,"osm_type":"way","osm_id":103438401,"place_rank":30,"category":"tourism","type":"museum","importance":0.4004118308283028,"addresstype":"tourism","name":"Canadian War Museum","display_name":"Canadian War Museum, 1, Vimy Place, LeBreton Flats, Somerset, Ottawa, Eastern Ontario, Ontario, K1A 0M8, Canada","address":{"tourism":"Canadian War Museum","house_number":"1","road":"Vimy Place","neighbourhood":"LeBreton Flats","city_district":"Somerset","city":"Ottawa","state_district":"Eastern Ontario","state":"Ontario","ISO3166-2-lvl4":"CA-ON","postcode":"K1A 0M8","country":"Canada","country_code":"ca"}},"bbox":[-75.7191937,45.4162131,-75.7154678,45.4178694],"geometry":{"type":"Point","coordinates":[-75.71694840215736,45.417051150000006]}},{"type":"Feature","properties":{"place_id":22886877,"osm_type":"way","osm_id":160420732,"place_rank":30,"category":"tourism","type":"museum","importance":0.26443130976830337,"addresstype":"tourism","name":"National Air Force Museum of Canada","display_name":"National Air Force Museum of Canada, 220, RCAF Road, Middleton Park, Trenton, Quinte West, Central Ontario, Ontario, K8V 1C5, Canada","address":{"tourism":"National Air Force Museum of Canada","house_number":"220","road":"RCAF Road","neighbourhood":"Middleton Park","town":"Trenton","city":"Quinte West","state_district":"Central Ontario","state":"Ontario","ISO3166-2-lvl4":"CA-ON","postcode":"K8V 1C5","country":"Canada","country_code":"ca"}},"bbox":[-77.5510187,44.1153747,-77.5497035,44.1161577],"geometry":{"type":"Point","coordinates":[-77.55036110761527,44.1157799]}},{"type":"Feature","properties":{"place_id":278267477,"osm_type":"way","osm_id":162491021,"place_rank":27,"category":"highway","type":"service","importance":0.07500999999999991,"addresstype":"road","name":"Coast Guard College Service Road","display_name":"Coast Guard College Service Road, Westmount, Cape Breton Regional Municipality, Cape Breton County, Nova Scotia, B1R 2J6, Canada","address":{"road":"Coast Guard College Service Road","village":"Westmount","county":"Cape Breton Regional Municipality","state":"Nova Scotia","ISO3166-2-lvl4":"CA-NS","postcode":"B1R 2J6","country":"Canada","country_code":"ca"}},"bbox":[-60.2248353,46.146837,-60.2233478,46.1473532],"geometry":{"type":"Point","coordinates":[-60.2240509,46.1470436]}},{"type":"Feature","properties":{"place_id":22234639,"osm_type":"way","osm_id":68586489,"place_rank":30,"category":"tourism","type":"museum","importance":0.36754970379538976,"addresstype":"tourism","name":"Canadian Aviation and Space Museum","display_name":"Canadian Aviation and Space Museum, 11, Aviation Parkway, Rideau-Rockcliffe, Ottawa, Eastern Ontario, Ontario, K1K 4Y5, Canada","address":{"tourism":"Canadian Aviation and Space Museum","house_number":"11","road":"Aviation Parkway","city_district":"Rideau-Rockcliffe","city":"Ottawa","state_district":"Eastern Ontario","state":"Ontario","ISO3166-2-lvl4":"CA-ON","postcode":"K1K 4Y5","country":"Canada","country_code":"ca"}},"bbox":[-75.644915,45.458026,-75.642568,45.459801],"geometry":{"type":"Point","coordinates":[-75.64381400320639,45.4590995]}},{"type":"Feature","properties":{"place_id":8081428,"osm_type":"way","osm_id":76809830,"place_rank":30,"category":"leisure","type":"sports_centre","importance":0.00000999999999995449,"addresstype":"leisure","name":"Neb's Fun World","display_name":"Neb's Fun World, 1300, Wilson Road North, Oshawa, Durham Region, Golden Horseshoe, Ontario, L1K 2B8, Canada","address":{"leisure":"Neb's Fun World","house_number":"1300","road":"Wilson Road North","city":"Oshawa","county":"Durham Region","state_district":"Golden Horseshoe","state":"Ontario","ISO3166-2-lvl4":"CA-ON","postcode":"L1K 2B8","country":"Canada","country_code":"ca"}},"bbox":[-78.8602729,43.9352827,-78.8589051,43.9359732],"geometry":{"type":"Point","coordinates":[-78.85958764830164,43.93559195]}},{"type":"Feature","properties":{"place_id":20204200,"osm_type":"way","osm_id":91995709,"place_rank":27,"category":"highway","type":"service","importance":0.07500999999999991,"addresstype":"road","name":"Hackaberry Street","display_name":"Hackaberry Street, Oromocto, Burton Parish, Sunbury County, New Brunswick, E2V 4M4, Canada","address":{"road":"Hackaberry Street","town":"Oromocto","county":"Burton Parish","state":"New Brunswick","ISO3166-2-lvl4":"CA-NB","postcode":"E2V 4M4","country":"Canada","country_code":"ca"}},"bbox":[-66.4467403,45.8403143,-66.4467335,45.8427475],"geometry":{"type":"Point","coordinates":[-66.44673570925131,45.841949379659816]}},{"type":"Feature","properties":{"place_id":278192809,"osm_type":"way","osm_id":181527676,"place_rank":30,"category":"leisure","type":"sports_centre","importance":0.00000999999999995449,"addresstype":"leisure","name":"Credit Union Place","display_name":"Credit Union Place, Notre Dame Street, Summerside, City of Summerside, Prince County, Prince Edward Island, C1N 2V5, Canada","address":{"leisure":"Credit Union Place","road":"Notre Dame Street","city":"Summerside","county":"City of Summerside","state":"Prince Edward Island","ISO3166-2-lvl4":"CA-PE","postcode":"C1N 2V5","country":"Canada","country_code":"ca"}},"bbox":[-63.8012855,46.3977219,-63.799666,46.399346],"geometry":{"type":"Point","coordinates":[-63.80053202490266,46.398600349999995]}},{"type":"Feature","properties":{"place_id":278211926,"osm_type":"node","osm_id":3969395001,"place_rank":30,"category":"place","type":"house","importance":0.00000999999999995449,"addresstype":"place","name":"","display_name":"200, Richmond Street, Downtown, Charlottetown, Queens County, Prince Edward Island, C1A 4K4, Canada","address":{"house_number":"200","road":"Richmond Street","neighbourhood":"Downtown","city":"Charlottetown","county":"Queens County","state":"Prince Edward Island","ISO3166-2-lvl4":"CA-PE","postcode":"C1A 4K4","country":"Canada","country_code":"ca"}},"bbox":[-63.1247269,46.2350521,-63.1246269,46.2351521],"geometry":{"type":"Point","coordinates":[-63.1246769,46.2351021]}},{"type":"Feature","properties":{"place_id":278187655,"osm_type":"node","osm_id":1760400671,"place_rank":30,"category":"place","type":"house","importance":0.00000999999999995449,"addresstype":"place","name":"","display_name":"17, Timber Lane, North Rustico, Town of North Rustico, Queens County, Prince Edward Island, C0A 1X0, Canada","address":{"house_number":"17","road":"Timber Lane","town":"North Rustico","county":"Town of North Rustico","state":"Prince Edward Island","ISO3166-2-lvl4":"CA-PE","postcode":"C0A 1X0","country":"Canada","country_code":"ca"}},"bbox":[-63.320905,46.459264,-63.320805,46.459364],"geometry":{"type":"Point","coordinates":[-63.320855,46.459314]}},{"type":"Feature","properties":{"place_id":30854687,"osm_type":"way","osm_id":23472715,"place_rank":30,"category":"shop","type":"mall","importance":0.39890623169969835,"addresstype":"shop","name":"West Edmonton Mall","display_name":"West Edmonton Mall, 8882, 87 Avenue NW, Thorncliff, West Jasper Place, Edmonton, Division No. 11, Alberta, T5T 4J2, Canada","address":{"shop":"West Edmonton Mall","house_number":"8882","road":"87 Avenue NW","neighbourhood":"Thorncliff","suburb":"West Jasper Place","city":"Edmonton","county":"Division No. 11","state":"Alberta","ISO3166-2-lvl4":"CA-AB","postcode":"T5T 4J2","country":"Canada","country_code":"ca"}},"bbox":[-113.6301008,53.5197011,-113.6155611,53.524886],"geometry":{"type":"Point","coordinates":[-113.62280750214072,53.522386]}},{"type":"Feature","properties":{"place_id":29919353,"osm_type":"way","osm_id":414499145,"place_rank":30,"category":"aeroway","type":"apron","importance":0.00000999999999995449,"addresstype":"aeroway","name":"CDF","display_name":"CDF, Wellington Avenue, St. James–Brooklands–Weston, Winnipeg, Division No. 11, Manitoba, R3H 1C5, Canada","address":{"aeroway":"CDF","road":"Wellington Avenue","suburb":"St. James–Brooklands–Weston","city":"Winnipeg","county":"Division No. 11","state":"Manitoba","ISO3166-2-lvl4":"CA-MB","postcode":"R3H 1C5","country":"Canada","country_code":"ca"}},"bbox":[-97.2344548,49.9026576,-97.2310296,49.9054574],"geometry":{"type":"Point","coordinates":[-97.23290453006629,49.903937400000004]}},{"type":"Feature","properties":{"place_id":29889273,"osm_type":"relation","osm_id":14477722,"place_rank":16,"category":"boundary","type":"administrative","importance":0.18667666666666663,"addresstype":"city","name":"Unorganized Division No. 19","display_name":"Latitude: 50.52461708110491, Longitude: -95.44840335845949","address":{"city":"Unorganized Division No. 19","county":"Division No. 19","state":"Manitoba","ISO3166-2-lvl4":"CA-MB","country":"Canada","country_code":"ca"}},"bbox":[-101.671679,50.3709095,-94.4002585,53.3075506],"geometry":{"type":"Point","coordinates":[-95.44840335845949,50.52461708110491]}},{"type":"Feature","properties":{"place_id":19447667,"osm_type":"way","osm_id":389621481,"place_rank":30,"category":"building","type":"commercial","importance":0.00000999999999995449,"addresstype":"building","name":"","display_name":"47, Main Street, Littleton, Grafton County, New Hampshire, 03561, United States","address":{"house_number":"47","road":"Main Street","town":"Littleton","county":"Grafton County","state":"New Hampshire","ISO3166-2-lvl4":"US-NH","postcode":"03561","country":"United States","country_code":"us"}},"bbox":[-71.7724594,44.3060724,-71.7720736,44.3064487],"geometry":{"type":"Point","coordinates":[-71.77229328816617,44.306193449999995]}},{"type":"Feature","properties":{"place_id":24362534,"osm_type":"way","osm_id":751177337,"place_rank":30,"category":"tourism","type":"hotel","importance":0.00000999999999995449,"addresstype":"tourism","name":"Hampton Inn & Suites Windsor","display_name":"Hampton Inn & Suites Windsor, Daytona Avenue, Windsor, Ontario, N9C 2L7, Canada","address":{"tourism":"Hampton Inn & Suites Windsor","road":"Daytona Avenue","city":"Windsor","county":"Windsor","state":"Ontario","ISO3166-2-lvl4":"CA-ON","postcode":"N9C 2L7","country":"Canada","country_code":"ca"}},"bbox":[-83.0542367,42.2816205,-83.053661,42.2822198],"geometry":{"type":"Point","coordinates":[-83.05397795909573,42.28190535]}},{"type":"Feature","properties":{"place_id":26651167,"osm_type":"way","osm_id":350675879,"place_rank":30,"category":"tourism","type":"hotel","importance":0.00000999999999995449,"addresstype":"tourism","name":"Harbourwalk Hotel - Racine","display_name":"Harbourwalk Hotel - Racine, 223, Gas Light Circle, Racine, Racine County, Wisconsin, 53403, United States","address":{"tourism":"Harbourwalk Hotel - Racine","house_number":"223","road":"Gas Light Circle","city":"Racine","county":"Racine County","state":"Wisconsin","ISO3166-2-lvl4":"US-WI","postcode":"53403","country":"United States","country_code":"us"}},"bbox":[-87.7809826,42.730936,-87.7796569,42.7320242],"geometry":{"type":"Point","coordinates":[-87.77987520541097,42.7314425]}},{"type":"Feature","properties":{"place_id":27134255,"osm_type":"way","osm_id":403894584,"place_rank":30,"category":"building","type":"civic","importance":0.00000999999999995449,"addresstype":"building","name":"Quadracci Pavilion","display_name":"Quadracci Pavilion, 700, North Art Museum Drive, Juneautown, Downtown, Milwaukee, Milwaukee County, Wisconsin, 53202, United States","address":{"building":"Quadracci Pavilion","house_number":"700","road":"North Art Museum Drive","quarter":"Juneautown","suburb":"Downtown","city":"Milwaukee","county":"Milwaukee County","state":"Wisconsin","ISO3166-2-lvl4":"US-WI","postcode":"53202","country":"United States","country_code":"us"}},"bbox":[-87.8975117,43.038805,-87.8964199,43.040253],"geometry":{"type":"Point","coordinates":[-87.89705832463345,43.03980975]}},{"type":"Feature","properties":{"place_id":28680376,"osm_type":"way","osm_id":292965506,"place_rank":30,"category":"tourism","type":"hotel","importance":0.00000999999999995449,"addresstype":"tourism","name":"Embassy Suites by Hilton Minneapolis North","display_name":"Embassy Suites by Hilton Minneapolis North, 6300, Earle Brown Drive, Brooklyn Center, Hennepin County, Minnesota, 55430, United States","address":{"tourism":"Embassy Suites by Hilton Minneapolis North","house_number":"6300","road":"Earle Brown Drive","town":"Brooklyn Center","county":"Hennepin County","state":"Minnesota","ISO3166-2-lvl4":"US-MN","postcode":"55430","country":"United States","country_code":"us"}},"bbox":[-93.3052706,45.0678928,-93.3039233,45.0684108],"geometry":{"type":"Point","coordinates":[-93.30460515993897,45.0681398]}},{"type":"Feature","properties":{"place_id":30188163,"osm_type":"node","osm_id":2445317517,"place_rank":30,"category":"historic","type":"monument","importance":0.00000999999999995449,"addresstype":"historic","name":"","display_name":"City Square Plaza, Regina, Division No. 6, Saskatchewan, S4M 0A1, Canada","address":{"road":"City Square Plaza","city":"Regina","county":"Division No. 6","state":"Saskatchewan","ISO3166-2-lvl4":"CA-SK","postcode":"S4M 0A1","country":"Canada","country_code":"ca"}},"bbox":[-104.6122974,50.4479522,-104.6121974,50.4480522],"geometry":{"type":"Point","coordinates":[-104.6122474,50.4480022]}},{"type":"Feature","properties":{"place_id":30319092,"osm_type":"way","osm_id":156163575,"place_rank":27,"category":"highway","type":"service","importance":0.04000999999999999,"addresstype":"road","name":"Swift Current Street","display_name":"Swift Current Street, Bushell Park, Division No. 7, Saskatchewan, S6H 5W3, Canada","address":{"road":"Swift Current Street","village":"Bushell Park","county":"Division No. 7","state":"Saskatchewan","ISO3166-2-lvl4":"CA-SK","postcode":"S6H 5W3","country":"Canada","country_code":"ca"}},"bbox":[-105.5597776,50.3388581,-105.5580698,50.3394423],"geometry":{"type":"Point","coordinates":[-105.55910007524989,50.33908986599076]}},{"type":"Feature","properties":{"place_id":412260673,"osm_type":"way","osm_id":562526469,"place_rank":30,"category":"military","type":"barracks","importance":0.000045001144426596745,"addresstype":"military","name":"Lt Alan McLeod Building","display_name":"Lt Alan McLeod Building, 275, Centennaire Drive, Southport, Rural Municipality of Portage la Prairie, Manitoba, R0H 1N0, Canada","address":{"military":"Lt Alan McLeod Building","house_number":"275","road":"Centennaire Drive","city":"Southport","county":"Rural Municipality of Portage la Prairie","state":"Manitoba","ISO3166-2-lvl4":"CA-MB","postcode":"R0H 1N0","country":"Canada","country_code":"ca"}},"bbox":[-98.2755575,49.9149803,-98.2749201,49.91548],"geometry":{"type":"Point","coordinates":[-98.2754323444112,49.915313999999995]}},{"type":"Feature","properties":{"place_id":348147124,"osm_type":"way","osm_id":253552786,"place_rank":26,"category":"highway","type":"unclassified","importance":0.05338137102311738,"addresstype":"road","name":"Railway Avenue","display_name":"Railway Avenue, Ogema, Saskatchewan, Canada","address":{"road":"Railway Avenue","town":"Ogema","state":"Saskatchewan","ISO3166-2-lvl4":"CA-SK","country":"Canada","country_code":"ca"}},"bbox":[-104.9196956,49.5728854,-104.9111453,49.5743273],"geometry":{"type":"Point","coordinates":[-104.91494298205075,49.573627220701354]}},{"type":"Feature","properties":{"place_id":295206554,"osm_type":"way","osm_id":21274184,"place_rank":26,"category":"highway","type":"unclassified","importance":0.05339746623941402,"addresstype":"road","name":"","display_name":"San Angelo, Tom Green County, Texas, 76908, United States","address":{"city":"San Angelo","county":"Tom Green County","state":"Texas","ISO3166-2-lvl4":"US-TX","postcode":"76908","country":"United States","country_code":"us"}},"bbox":[-100.4099154,31.4322319,-100.4008588,31.4336313],"geometry":{"type":"Point","coordinates":[-100.40544360670785,31.433176125541237]}},{"type":"Feature","properties":{"place_id":293315215,"osm_type":"way","osm_id":299950470,"place_rank":30,"category":"aeroway","type":"aerodrome","importance":0.28875241632417264,"addresstype":"aeroway","name":"San Angelo Regional Airport - Mathis Field","display_name":"San Angelo Regional Airport - Mathis Field, Hangar Road, San Angelo, Tom Green County, Texas, United States","address":{"aeroway":"San Angelo Regional Airport - Mathis Field","road":"Hangar Road","city":"San Angelo","county":"Tom Green County","state":"Texas","ISO3166-2-lvl4":"US-TX","country":"United States","country_code":"us"}},"bbox":[-100.51335,31.3354909,-100.482973,31.3719783],"geometry":{"type":"Point","coordinates":[-100.49862454938886,31.35468635]}},{"type":"Feature","properties":{"place_id":309300273,"osm_type":"relation","osm_id":1870401,"place_rank":30,"category":"aeroway","type":"aerodrome","importance":0.5239618456443237,"addresstype":"aeroway","name":"Dallas/Fort Worth International Airport","display_name":"Dallas/Fort Worth International Airport, 2400, Aviation Drive, Dallas, Tarrant County, Texas, 75261, United States","address":{"aeroway":"Dallas/Fort Worth International Airport","house_number":"2400","road":"Aviation Drive","city":"Dallas","county":"Tarrant County","state":"Texas","ISO3166-2-lvl4":"US-TX","postcode":"75261","country":"United States","country_code":"us"}},"bbox":[-97.0862307,32.8691124,-96.9933405,32.9238024],"geometry":{"type":"Point","coordinates":[-97.04652209999999,32.8965195]}},{"type":"Feature","properties":{"place_id":344059015,"osm_type":"way","osm_id":155465349,"place_rank":30,"category":"aeroway","type":"aerodrome","importance":0.4982789243494602,"addresstype":"aeroway","name":"Minneapolis-Saint Paul International Airport","display_name":"Minneapolis-Saint Paul International Airport, 4300, Glumack Drive, Minneapolis, Hennepin County, Minnesota, 55450, United States","address":{"aeroway":"Minneapolis-Saint Paul International Airport","house_number":"4300","road":"Glumack Drive","city":"Minneapolis","county":"Hennepin County","state":"Minnesota","ISO3166-2-lvl4":"US-MN","postcode":"55450","country":"United States","country_code":"us"}},"bbox":[-93.246655,44.8589484,-93.1909053,44.8970485],"geometry":{"type":"Point","coordinates":[-93.2209281,44.878019099999996]}},{"type":"Feature","properties":{"place_id":409607040,"osm_type":"way","osm_id":1408501912,"place_rank":26,"category":"highway","type":"residential","importance":0.05339903181506062,"addresstype":"road","name":"Kinsmen Avenue","display_name":"Kinsmen Avenue, City Park, Saskatoon, Saskatchewan, S7K 2R2, Canada","address":{"road":"Kinsmen Avenue","neighbourhood":"City Park","city":"Saskatoon","state":"Saskatchewan","ISO3166-2-lvl4":"CA-SK","postcode":"S7K 2R2","country":"Canada","country_code":"ca"}},"bbox":[-106.6535216,52.1340668,-106.6528916,52.1342056],"geometry":{"type":"Point","coordinates":[-106.6528916,52.1342056]}},{"type":"Feature","properties":{"place_id":88793743,"osm_type":"way","osm_id":201611261,"place_rank":30,"category":"amenity","type":"place_of_worship","importance":0.6082603236032607,"addresstype":"amenity","name":"Cathedral of Notre Dame","display_name":"Cathedral of Notre Dame, 6, Parvis Notre-Dame - Place Jean-Paul II, Quartier Les Îles, 4th Arrondissement, Paris, Metropolitan France, 75004, France","address":{"amenity":"Cathedral of Notre Dame","house_number":"6","road":"Parvis Notre-Dame - Place Jean-Paul II","city_block":"Quartier Les Îles","suburb":"4th Arrondissement","city_district":"Paris","city":"Paris","ISO3166-2-lvl6":"FR-75C","region":"Metropolitan France","postcode":"75004","country":"France","country_code":"fr"}},"bbox":[2.3489587,48.852423,2.3507815,48.8534436],"geometry":{"type":"Point","coordinates":[2.3500626,48.8529312]}},{"type":"Feature","properties":{"place_id":89309299,"osm_type":"way","osm_id":294032205,"place_rank":30,"category":"aeroway","type":"aerodrome","importance":0.5858296274036138,"addresstype":"aeroway","name":"Charles de Gaulle International Airport","display_name":"Charles de Gaulle International Airport, Tremblay-en-France, Le Raincy, Seine-Saint-Denis, Ile-de-France, Metropolitan France, 93290, France","address":{"aeroway":"Charles de Gaulle International Airport","town":"Tremblay-en-France","municipality":"Le Raincy","county":"Seine-Saint-Denis","ISO3166-2-lvl6":"FR-93","state":"Ile-de-France","ISO3166-2-lvl4":"FR-IDF","region":"Metropolitan France","postcode":"93290","country":"France","country_code":"fr"}},"bbox":[2.4922116,48.9837764,2.6329154,49.0300159],"geometry":{"type":"Point","coordinates":[2.571082,49.0068908]}},{"type":"Feature","properties":{"place_id":262114923,"osm_type":"node","osm_id":11877779753,"place_rank":30,"category":"office","type":"financial_advisor","importance":0.0000724368657968569,"addresstype":"office","name":"Triumvirat Finances","display_name":"Triumvirat Finances, 4, Place de la République, Centre-ville ancien, Le Château, Caen, Calvados, Normandy, Metropolitan France, 14000, France","address":{"office":"Triumvirat Finances","house_number":"4","road":"Place de la République","quarter":"Centre-ville ancien","neighbourhood":"Le Château","city":"Caen","municipality":"Caen","county":"Calvados","ISO3166-2-lvl6":"FR-14","state":"Normandy","ISO3166-2-lvl4":"FR-NOR","region":"Metropolitan France","postcode":"14000","country":"France","country_code":"fr"}},"bbox":[-0.3638303,49.1817477,-0.3637303,49.1818477],"geometry":{"type":"Point","coordinates":[-0.3637803,49.1817977]}},{"type":"Feature","properties":{"place_id":263625072,"osm_type":"way","osm_id":24892794,"place_rank":30,"category":"historic","type":"battlefield","importance":0.44259299939943664,"addresstype":"historic","name":"","display_name":"Voie Verte de la Liberté, Le Pont du Hable, Cricqueville-en-Bessin, Bayeux, Calvados, Normandy, Metropolitan France, 14450, France","address":{"road":"Voie Verte de la Liberté","hamlet":"Le Pont du Hable","village":"Cricqueville-en-Bessin","municipality":"Bayeux","county":"Calvados","ISO3166-2-lvl6":"FR-14","state":"Normandy","ISO3166-2-lvl4":"FR-NOR","region":"Metropolitan France","postcode":"14450","country":"France","country_code":"fr"}},"bbox":[-0.9932519,49.3940917,-0.9855411,49.397479],"geometry":{"type":"Point","coordinates":[-0.9884669564565747,49.3958527]}},{"type":"Feature","properties":{"place_id":261549459,"osm_type":"way","osm_id":69698258,"place_rank":30,"category":"tourism","type":"museum","importance":0.25725756847226283,"addresstype":"tourism","name":"Juno Beach Centre","display_name":"Juno Beach Centre, Voie des Français Libres, Les Granges du Clos, Courseulles-sur-Mer, Caen, Calvados, Normandy, Metropolitan France, 14470, France","address":{"tourism":"Juno Beach Centre","road":"Voie des Français Libres","neighbourhood":"Les Granges du Clos","village":"Courseulles-sur-Mer","city":"Courseulles-sur-Mer","municipality":"Caen","county":"Calvados","ISO3166-2-lvl6":"FR-14","state":"Normandy","ISO3166-2-lvl4":"FR-NOR","region":"Metropolitan France","postcode":"14470","country":"France","country_code":"fr"}},"bbox":[-0.4620311,49.3361745,-0.4613156,49.3366288],"geometry":{"type":"Point","coordinates":[-0.46166756290322125,49.33640245]}},{"type":"Feature","properties":{"place_id":409530449,"osm_type":"node","osm_id":3798992626,"place_rank":30,"category":"amenity","type":"cafe","importance":0.0000653749904630658,"addresstype":"amenity","name":"Coffee & Tea","display_name":"Coffee & Tea, Quai Ouest, Les Granges du Clos, Courseulles-sur-Mer, Caen, Calvados, Normandy, Metropolitan France, 14470, France","address":{"amenity":"Coffee & Tea","road":"Quai Ouest","neighbourhood":"Les Granges du Clos","village":"Courseulles-sur-Mer","city":"Courseulles-sur-Mer","municipality":"Caen","county":"Calvados","ISO3166-2-lvl6":"FR-14","state":"Normandy","ISO3166-2-lvl4":"FR-NOR","region":"Metropolitan France","postcode":"14470","country":"France","country_code":"fr"}},"bbox":[-0.4632937,49.3335532,-0.4631937,49.3336532],"geometry":{"type":"Point","coordinates":[-0.4632437,49.3336032]}},{"type":"Feature","properties":{"place_id":262762092,"osm_type":"node","osm_id":10796680781,"place_rank":30,"category":"historic","type":"bunker","importance":0.3281092747657318,"addresstype":"historic","name":"Longues-sur-Mer battery","display_name":"Longues-sur-Mer battery, Route du 7 Juin 1944, Le Mesnil, Longues-sur-Mer, Bayeux, Calvados, Normandy, Metropolitan France, 14400, France","address":{"historic":"Longues-sur-Mer battery","road":"Route du 7 Juin 1944","hamlet":"Le Mesnil","village":"Longues-sur-Mer","municipality":"Bayeux","county":"Calvados","ISO3166-2-lvl6":"FR-14","state":"Normandy","ISO3166-2-lvl4":"FR-NOR","region":"Metropolitan France","postcode":"14400","country":"France","country_code":"fr"}},"bbox":[-0.6932938,49.343732,-0.6931938,49.343832],"geometry":{"type":"Point","coordinates":[-0.6932438,49.343782]}},{"type":"Feature","properties":{"place_id":395646674,"osm_type":"way","osm_id":1347908589,"place_rank":27,"category":"highway","type":"service","importance":0.04003500190737773,"addresstype":"road","name":"Allée de la Mer","display_name":"Allée de la Mer, La Fontaine Saint-Côme, La Guerre, Saint-Côme-de-Fresné, Bayeux, Calvados, Normandy, Metropolitan France, 14960, France","address":{"road":"Allée de la Mer","neighbourhood":"La Fontaine Saint-Côme","hamlet":"La Guerre","village":"Saint-Côme-de-Fresné","municipality":"Bayeux","county":"Calvados","ISO3166-2-lvl6":"FR-14","state":"Normandy","ISO3166-2-lvl4":"FR-NOR","region":"Metropolitan France","postcode":"14960","country":"France","country_code":"fr"}},"bbox":[-0.6018421,49.3396358,-0.6014808,49.3396472],"geometry":{"type":"Point","coordinates":[-0.6014808,49.3396472]}},{"type":"Feature","properties":{"place_id":260963634,"osm_type":"way","osm_id":190308617,"place_rank":26,"category":"highway","type":"residential","importance":0.05338744869153884,"addresstype":"road","name":"","display_name":"L'Hôtel Paris, Montpinchon, Coutances, Manche, Normandy, Metropolitan France, 50210, France","address":{"hamlet":"L'Hôtel Paris","village":"Montpinchon","municipality":"Coutances","county":"Manche","ISO3166-2-lvl6":"FR-50","state":"Normandy","ISO3166-2-lvl4":"FR-NOR","region":"Metropolitan France","postcode":"50210","country":"France","country_code":"fr"}},"bbox":[-1.3019215,49.0184223,-1.2973291,49.0187391],"geometry":{"type":"Point","coordinates":[-1.3001216028229465,49.01867504115593]}},{"type":"Feature","properties":{"place_id":262454869,"osm_type":"way","osm_id":322437078,"place_rank":30,"category":"amenity","type":"place_of_worship","importance":0.4503985987937812,"addresstype":"amenity","name":"Église abbatiale","display_name":"Église abbatiale, Terrasse de l'Abside, Le Mont-Saint-Michel, Avranches, Manche, Normandy, Metropolitan France, 50170, France","address":{"amenity":"Église abbatiale","road":"Terrasse de l'Abside","village":"Le Mont-Saint-Michel","municipality":"Avranches","county":"Manche","ISO3166-2-lvl6":"FR-50","state":"Normandy","ISO3166-2-lvl4":"FR-NOR","region":"Metropolitan France","postcode":"50170","country":"France","country_code":"fr"}},"bbox":[-1.5118855,48.6358345,-1.5110119,48.6362128],"geometry":{"type":"Point","coordinates":[-1.511480984960727,48.6360234]}},{"type":"Feature","properties":{"place_id":95651107,"osm_type":"node","osm_id":3118694153,"place_rank":30,"category":"tourism","type":"hotel","importance":0.00007775463492785561,"addresstype":"tourism","name":"The Moon","display_name":"The Moon, Rue de la Montagne - Bergstraat, Quartier Saint-Jacques - Sint-Jacobswijk, Îlot Sacré, Pentagon, Brussels, Brussels-Capital, 1000, Belgium","address":{"tourism":"The Moon","road":"Rue de la Montagne - Bergstraat","neighbourhood":"Quartier Saint-Jacques - Sint-Jacobswijk","suburb":"Pentagon","city_district":"Brussels","city":"Brussels","county":"Brussels-Capital","region":"Brussels-Capital","ISO3166-2-lvl4":"BE-BRU","postcode":"1000","country":"Belgium","country_code":"be"}},"bbox":[4.3545641,50.8468312,4.3546641,50.8469312],"geometry":{"type":"Point","coordinates":[4.3546141,50.8468812]}}]